name,empId,salary,country
ABC,1,100,IND
XYZ,2,200,IND
PQR,3,300,IND
STU,4,400,IND
DSDS,5,500,USA
CVSD,6,600,AUS
DCSD,7,700,IND
DCX,8,800,AUS
DSCSD,9,900,USA
SDCXC,10,1000,IND
DCX,11,1100,IND
C X,12,1200,IND
ABC,13,1300,IND
SFS,14,1400,USA
GD,15,1500,AUS
GD,16,1600,IND
SG,17,1700,IND
GD,18,1800,USA
F,19,1900,IND
hskjh,20,2000,IND
ABC,1,100,IND
XYZ,2,200,IND
PQR,3,300,IND
STU,4,400,IND
DSDS,5,500,USA
CVSD,6,600,AUS
DCSD,7,700,IND
DCX,8,800,AUS
DSCSD,9,900,USA
SDCXC,10,1000,IND
DCX,11,1100,IND
C X,12,1200,IND
ABC,13,1300,IND
SFS,14,1400,USA
GD,15,1500,AUS
GD,16,1600,IND
SG,17,1700,IND
GD,18,1800,USA
F,19,1900,IND
hskjh,20,2000,IND
ABC,1,100,IND
XYZ,2,200,IND
PQR,3,300,IND
STU,4,400,IND
DSDS,5,500,USA
CVSD,6,600,AUS
DCSD,7,700,IND
DCX,8,800,AUS
DSCSD,9,900,USA
SDCXC,10,1000,IND
DCX,11,1100,IND
C X,12,1200,IND
ABC,13,1300,IND
SFS,14,1400,USA
GD,15,1500,AUS
GD,16,1600,IND
SG,17,1700,IND
GD,18,1800,USA
F,19,1900,IND
hskjh,20,2000,IND
ABC,1,100,IND
XYZ,2,200,IND
PQR,3,300,IND
STU,4,400,IND
DSDS,5,500,USA
CVSD,6,600,AUS
DCSD,7,700,IND
DCX,8,800,AUS
DSCSD,9,900,USA
SDCXC,10,1000,IND
DCX,11,1100,IND
C X,12,1200,IND
ABC,13,1300,IND
SFS,14,1400,USA
GD,15,1500,AUS
GD,16,1600,IND
SG,17,1700,IND
GD,18,1800,USA
F,19,1900,IND
hskjh,20,2000,IND
ABC,1,100,IND
XYZ,2,200,IND
PQR,3,300,IND
STU,4,400,IND
DSDS,5,500,USA
CVSD,6,600,AUS
DCSD,7,700,IND
DCX,8,800,AUS
DSCSD,9,900,USA
SDCXC,10,1000,IND
DCX,11,1100,IND
C X,12,1200,IND
ABC,13,1300,IND
SFS,14,1400,USA
GD,15,1500,AUS
GD,16,1600,IND
SG,17,1700,IND
GD,18,1800,USA
F,19,1900,IND
hskjh,20,2000,IND
ABC,1,100,IND
XYZ,2,200,IND
PQR,3,300,IND
STU,4,400,IND
DSDS,5,500,USA
CVSD,6,600,AUS
DCSD,7,700,IND
DCX,8,800,AUS
DSCSD,9,900,USA
SDCXC,10,1000,IND
DCX,11,1100,IND
C X,12,1200,IND
ABC,13,1300,IND
SFS,14,1400,USA
GD,15,1500,AUS
GD,16,1600,IND
SG,17,1700,IND
GD,18,1800,USA
F,19,1900,IND
hskjh,20,2000,IND
ABC,1,100,IND
XYZ,2,200,IND
PQR,3,300,IND
STU,4,400,IND
DSDS,5,500,USA
CVSD,6,600,AUS
DCSD,7,700,IND
DCX,8,800,AUS
DSCSD,9,900,USA
SDCXC,10,1000,IND
DCX,11,1100,IND
C X,12,1200,IND
ABC,13,1300,IND
SFS,14,1400,USA
GD,15,1500,AUS
GD,16,1600,IND
SG,17,1700,IND
GD,18,1800,USA
F,19,1900,IND
hskjh,20,2000,IND
ABC,1,100,IND
XYZ,2,200,IND
PQR,3,300,IND
STU,4,400,IND
DSDS,5,500,USA
CVSD,6,600,AUS
DCSD,7,700,IND
DCX,8,800,AUS
DSCSD,9,900,USA
SDCXC,10,1000,IND
DCX,11,1100,IND
C X,12,1200,IND
ABC,13,1300,IND
SFS,14,1400,USA
GD,15,1500,AUS
GD,16,1600,IND
SG,17,1700,IND
GD,18,1800,USA
F,19,1900,IND
hskjh,20,2000,IND
ABC,1,100,IND
XYZ,2,200,IND
PQR,3,300,IND
STU,4,400,IND
DSDS,5,500,USA
CVSD,6,600,AUS
DCSD,7,700,IND
DCX,8,800,AUS
DSCSD,9,900,USA
SDCXC,10,1000,IND
DCX,11,1100,IND
C X,12,1200,IND
ABC,13,1300,IND
SFS,14,1400,USA
GD,15,1500,AUS
GD,16,1600,IND
SG,17,1700,IND
GD,18,1800,USA
F,19,1900,IND
hskjh,20,2000,IND
ABC,1,100,IND
XYZ,2,200,IND
PQR,3,300,IND
STU,4,400,IND
DSDS,5,500,USA
CVSD,6,600,AUS
DCSD,7,700,IND
DCX,8,800,AUS
DSCSD,9,900,USA
SDCXC,10,1000,IND
DCX,11,1100,IND
C X,12,1200,IND
ABC,13,1300,IND
SFS,14,1400,USA
GD,15,1500,AUS
GD,16,1600,IND
SG,17,1700,IND
GD,18,1800,USA
F,19,1900,IND
hskjh,20,2000,IND
ABC,1,100,IND
XYZ,2,200,IND
PQR,3,300,IND
STU,4,400,IND
DSDS,5,500,USA
CVSD,6,600,AUS
DCSD,7,700,IND
DCX,8,800,AUS
DSCSD,9,900,USA
SDCXC,10,1000,IND
DCX,11,1100,IND
C X,12,1200,IND
ABC,13,1300,IND
SFS,14,1400,USA
GD,15,1500,AUS
GD,16,1600,IND
SG,17,1700,IND
GD,18,1800,USA
F,19,1900,IND
hskjh,20,2000,IND
ABC,1,100,IND
XYZ,2,200,IND
PQR,3,300,IND
STU,4,400,IND
DSDS,5,500,USA
CVSD,6,600,AUS
DCSD,7,700,IND
DCX,8,800,AUS
DSCSD,9,900,USA
SDCXC,10,1000,IND
DCX,11,1100,IND
C X,12,1200,IND
ABC,13,1300,IND
SFS,14,1400,USA
GD,15,1500,AUS
GD,16,1600,IND
SG,17,1700,IND
GD,18,1800,USA
F,19,1900,IND
hskjh,20,2000,IND
ABC,1,100,IND
XYZ,2,200,IND
PQR,3,300,IND
STU,4,400,IND
DSDS,5,500,USA
CVSD,6,600,AUS
DCSD,7,700,IND
DCX,8,800,AUS
DSCSD,9,900,USA
SDCXC,10,1000,IND
DCX,11,1100,IND
C X,12,1200,IND
ABC,13,1300,IND
SFS,14,1400,USA
GD,15,1500,AUS
GD,16,1600,IND
SG,17,1700,IND
GD,18,1800,USA
F,19,1900,IND
hskjh,20,2000,IND
ABC,1,100,IND
XYZ,2,200,IND
PQR,3,300,IND
STU,4,400,IND
DSDS,5,500,USA
CVSD,6,600,AUS
DCSD,7,700,IND
DCX,8,800,AUS
DSCSD,9,900,USA
SDCXC,10,1000,IND
DCX,11,1100,IND
C X,12,1200,IND
ABC,13,1300,IND
SFS,14,1400,USA
GD,15,1500,AUS
GD,16,1600,IND
SG,17,1700,IND
GD,18,1800,USA
F,19,1900,IND
hskjh,20,2000,IND
ABC,1,100,IND
XYZ,2,200,IND
PQR,3,300,IND
STU,4,400,IND
DSDS,5,500,USA
CVSD,6,600,AUS
DCSD,7,700,IND
DCX,8,800,AUS
DSCSD,9,900,USA
SDCXC,10,1000,IND
DCX,11,1100,IND
C X,12,1200,IND
ABC,13,1300,IND
SFS,14,1400,USA
GD,15,1500,AUS
GD,16,1600,IND
SG,17,1700,IND
GD,18,1800,USA
F,19,1900,IND
hskjh,20,2000,IND
ABC,1,100,IND
XYZ,2,200,IND
PQR,3,300,IND
STU,4,400,IND
DSDS,5,500,USA
CVSD,6,600,AUS
DCSD,7,700,IND
DCX,8,800,AUS
DSCSD,9,900,USA
SDCXC,10,1000,IND
DCX,11,1100,IND
C X,12,1200,IND
ABC,13,1300,IND
SFS,14,1400,USA
GD,15,1500,AUS
GD,16,1600,IND
SG,17,1700,IND
GD,18,1800,USA
F,19,1900,IND
hskjh,20,2000,IND
ABC,1,100,IND
XYZ,2,200,IND
PQR,3,300,IND
STU,4,400,IND
DSDS,5,500,USA
CVSD,6,600,AUS
DCSD,7,700,IND
DCX,8,800,AUS
DSCSD,9,900,USA
SDCXC,10,1000,IND
DCX,11,1100,IND
C X,12,1200,IND
ABC,13,1300,IND
SFS,14,1400,USA
GD,15,1500,AUS
GD,16,1600,IND
SG,17,1700,IND
GD,18,1800,USA
F,19,1900,IND
hskjh,20,2000,IND
ABC,1,100,IND
XYZ,2,200,IND
PQR,3,300,IND
STU,4,400,IND
DSDS,5,500,USA
CVSD,6,600,AUS
DCSD,7,700,IND
DCX,8,800,AUS
DSCSD,9,900,USA
SDCXC,10,1000,IND
DCX,11,1100,IND
C X,12,1200,IND
ABC,13,1300,IND
SFS,14,1400,USA
GD,15,1500,AUS
GD,16,1600,IND
SG,17,1700,IND
GD,18,1800,USA
F,19,1900,IND
hskjh,20,2000,IND
ABC,1,100,IND
XYZ,2,200,IND
PQR,3,300,IND
STU,4,400,IND
DSDS,5,500,USA
CVSD,6,600,AUS
DCSD,7,700,IND
DCX,8,800,AUS
DSCSD,9,900,USA
SDCXC,10,1000,IND
DCX,11,1100,IND
C X,12,1200,IND
ABC,13,1300,IND
SFS,14,1400,USA
GD,15,1500,AUS
GD,16,1600,IND
SG,17,1700,IND
GD,18,1800,USA
F,19,1900,IND
hskjh,20,2000,IND
ABC,1,100,IND
XYZ,2,200,IND
PQR,3,300,IND
STU,4,400,IND
DSDS,5,500,USA
CVSD,6,600,AUS
DCSD,7,700,IND
DCX,8,800,AUS
DSCSD,9,900,USA
SDCXC,10,1000,IND
DCX,11,1100,IND
C X,12,1200,IND
ABC,13,1300,IND
SFS,14,1400,USA
GD,15,1500,AUS
GD,16,1600,IND
SG,17,1700,IND
GD,18,1800,USA
F,19,1900,IND
hskjh,20,2000,IND
ABC,1,100,IND
XYZ,2,200,IND
PQR,3,300,IND
STU,4,400,IND
DSDS,5,500,USA
CVSD,6,600,AUS
DCSD,7,700,IND
DCX,8,800,AUS
DSCSD,9,900,USA
SDCXC,10,1000,IND
DCX,11,1100,IND
C X,12,1200,IND
ABC,13,1300,IND
SFS,14,1400,USA
GD,15,1500,AUS
GD,16,1600,IND
SG,17,1700,IND
GD,18,1800,USA
F,19,1900,IND
hskjh,20,2000,IND
ABC,1,100,IND
XYZ,2,200,IND
PQR,3,300,IND
STU,4,400,IND
DSDS,5,500,USA
CVSD,6,600,AUS
DCSD,7,700,IND
DCX,8,800,AUS
DSCSD,9,900,USA
SDCXC,10,1000,IND
DCX,11,1100,IND
C X,12,1200,IND
ABC,13,1300,IND
SFS,14,1400,USA
GD,15,1500,AUS
GD,16,1600,IND
SG,17,1700,IND
GD,18,1800,USA
F,19,1900,IND
hskjh,20,2000,IND
ABC,1,100,IND
XYZ,2,200,IND
PQR,3,300,IND
STU,4,400,IND
DSDS,5,500,USA
CVSD,6,600,AUS
DCSD,7,700,IND
DCX,8,800,AUS
DSCSD,9,900,USA
SDCXC,10,1000,IND
DCX,11,1100,IND
C X,12,1200,IND
ABC,13,1300,IND
SFS,14,1400,USA
GD,15,1500,AUS
GD,16,1600,IND
SG,17,1700,IND
GD,18,1800,USA
F,19,1900,IND
hskjh,20,2000,IND
ABC,1,100,IND
XYZ,2,200,IND
PQR,3,300,IND
STU,4,400,IND
DSDS,5,500,USA
CVSD,6,600,AUS
DCSD,7,700,IND
DCX,8,800,AUS
DSCSD,9,900,USA
SDCXC,10,1000,IND
DCX,11,1100,IND
C X,12,1200,IND
ABC,13,1300,IND
SFS,14,1400,USA
GD,15,1500,AUS
GD,16,1600,IND
SG,17,1700,IND
GD,18,1800,USA
F,19,1900,IND
hskjh,20,2000,IND
ABC,1,100,IND
XYZ,2,200,IND
PQR,3,300,IND
STU,4,400,IND
DSDS,5,500,USA
CVSD,6,600,AUS
DCSD,7,700,IND
DCX,8,800,AUS
DSCSD,9,900,USA
SDCXC,10,1000,IND
DCX,11,1100,IND
C X,12,1200,IND
ABC,13,1300,IND
SFS,14,1400,USA
GD,15,1500,AUS
GD,16,1600,IND
SG,17,1700,IND
GD,18,1800,USA
F,19,1900,IND
hskjh,20,2000,IND
ABC,1,100,IND
XYZ,2,200,IND
PQR,3,300,IND
STU,4,400,IND
DSDS,5,500,USA
CVSD,6,600,AUS
DCSD,7,700,IND
DCX,8,800,AUS
DSCSD,9,900,USA
SDCXC,10,1000,IND
DCX,11,1100,IND
C X,12,1200,IND
ABC,13,1300,IND
SFS,14,1400,USA
GD,15,1500,AUS
GD,16,1600,IND
SG,17,1700,IND
GD,18,1800,USA
F,19,1900,IND
hskjh,20,2000,IND
ABC,1,100,IND
XYZ,2,200,IND
PQR,3,300,IND
STU,4,400,IND
DSDS,5,500,USA
CVSD,6,600,AUS
DCSD,7,700,IND
DCX,8,800,AUS
DSCSD,9,900,USA
SDCXC,10,1000,IND
DCX,11,1100,IND
C X,12,1200,IND
ABC,13,1300,IND
SFS,14,1400,USA
GD,15,1500,AUS
GD,16,1600,IND
SG,17,1700,IND
GD,18,1800,USA
F,19,1900,IND
hskjh,20,2000,IND
ABC,1,100,IND
XYZ,2,200,IND
PQR,3,300,IND
STU,4,400,IND
DSDS,5,500,USA
CVSD,6,600,AUS
DCSD,7,700,IND
DCX,8,800,AUS
DSCSD,9,900,USA
SDCXC,10,1000,IND
DCX,11,1100,IND
C X,12,1200,IND
ABC,13,1300,IND
SFS,14,1400,USA
GD,15,1500,AUS
GD,16,1600,IND
SG,17,1700,IND
GD,18,1800,USA
F,19,1900,IND
hskjh,20,2000,IND
ABC,1,100,IND
XYZ,2,200,IND
PQR,3,300,IND
STU,4,400,IND
DSDS,5,500,USA
CVSD,6,600,AUS
DCSD,7,700,IND
DCX,8,800,AUS
DSCSD,9,900,USA
SDCXC,10,1000,IND
DCX,11,1100,IND
C X,12,1200,IND
ABC,13,1300,IND
SFS,14,1400,USA
GD,15,1500,AUS
GD,16,1600,IND
SG,17,1700,IND
GD,18,1800,USA
F,19,1900,IND
hskjh,20,2000,IND
ABC,1,100,IND
XYZ,2,200,IND
PQR,3,300,IND
STU,4,400,IND
DSDS,5,500,USA
CVSD,6,600,AUS
DCSD,7,700,IND
DCX,8,800,AUS
DSCSD,9,900,USA
SDCXC,10,1000,IND
DCX,11,1100,IND
C X,12,1200,IND
ABC,13,1300,IND
SFS,14,1400,USA
GD,15,1500,AUS
GD,16,1600,IND
SG,17,1700,IND
GD,18,1800,USA
F,19,1900,IND
hskjh,20,2000,IND
